iter	RMSE
0	58.03410095
100	43.43810014
200	40.97032235
300	39.99318215
400	39.22653288
500	38.52120716
600	37.74279339
700	37.01372365
800	36.30171252
900	35.65879134
999	35.0734095
